linea;mezzo;percorso;verso;nome;tipo_perc;lung_km;num_ferm;LONG_X_4326_CENTROID;LAT_Y_4326_CENTROID;Location
1;TRAM;12560;Di;Roserio - Greco;Canonico;13.82;48;9.16974100864076;45.4859750999689;"(45.4859750999689, 9.16974100864076)"
1;TRAM;9457;As;Greco - Roserio;Canonico;13.97;47;9.16941433348214;45.4863116993079;"(45.4863116993079, 9.16941433348214)"
10;TRAM;11767;As;Lunigiana -24 Maggio;Canonico;9.22;35;9.17865796878257;45.4741964733908;"(45.4741964733908, 9.17865796878257)"
10;TRAM;11790;Di;24 Maggio - Lunigiana;Canonico;9.19;35;9.17849012195658;45.4739436104468;"(45.4739436104468, 9.17849012195658)"
115;BUS;10025;As;Gratosoglio - P.za Diaz;Canonico;7.35;21;9.17933222505233;45.4339331905281;"(45.4339331905281, 9.17933222505233)"
115;BUS;9665;Di;P.za Diaz - Gratosoglio;Canonico;7.96;21;9.17963734227983;45.4349223564209;"(45.4349223564209, 9.17963734227983)"
12;TRAM;12574;As;Roserio - Molise;Canonico;12.96;40;9.17190987884445;45.4835079494627;"(45.4835079494627, 9.17190987884445)"
12;TRAM;4282;Di;Molise - Roserio;Canonico;12.99;41;9.1710179375591;45.4840603592944;"(45.4840603592944, 9.1710179375591)"
121;BUS;4241;Di;S.Giuliano M. (De Nicola) - Stz S.Donato M3;Barrato;6.18;14;9.26561310428521;45.4145376130618;"(45.4145376130618, 9.26561310428521)"
121;BUS;4242;Di;S.Giuliano M. (Stz F.S.) - Stz S.Donato M3;Canonico;6.44;15;9.26603347185158;45.4125556960543;"(45.4125556960543, 9.26603347185158)"
121;BUS;4872;As;"Stz S.Donato M3 - S.Giuliano M (Stz F.S,)";Canonico;6.37;13;9.26632071518573;45.4118551860766;"(45.4118551860766, 9.26632071518573)"
121;BUS;4873;As;Stz S.Donato M3 - S.Giuliano M (De Nicola);Barrato;6.09;12;9.2658868013166;45.4139308430954;"(45.4139308430954, 9.2658868013166)"
124;BUS;11634;As;Vigentino - Duomo;Canonico;5.33;16;9.19829635891521;45.4405981818096;"(45.4405981818096, 9.19829635891521)"
124;BUS;11635;Di;Duomo - Vigentino;Canonico;5.64;17;9.1984942156227;45.4413575463863;"(45.4413575463863, 9.1984942156227)"
125;BUS;10011;As;Centrale FS M2 M3 - Cadorna FN M1 M2;Canonico;5.72;9;9.18067264796794;45.4805971659072;"(45.4805971659072, 9.18067264796794)"
126;BUS;9970;As;Centrale FS M2 M3 - Cadorna FN M1 M2;Canonico;10.87;26;9.19170067727802;45.4627560919622;"(45.4627560919622, 9.19170067727802)"
126;BUS;9971;Di;Cadorna FN M1 M2 - Centrale FS M2 M3;Canonico;5.26;9;9.18037853001007;45.4813040633905;"(45.4813040633905, 9.18037853001007)"
130;BUS;12176;As;S.Donato M3 - S.Giuliano M.se (mercato sabato);Barrato;10.32;26;9.28328611439911;45.40607449211;"(45.40607449211, 9.28328611439911)"
130;BUS;12177;As;S.Donato M3 - S.Giuliano M.se;Canonico;9.68;27;9.28229107165193;45.4065747240931;"(45.4065747240931, 9.28229107165193)"
130;BUS;12178;Di;S.Giuliano M.se - S. Donato M3;Canonico;9.85;27;9.28334413772365;45.4058007964324;"(45.4058007964324, 9.28334413772365)"
130;BUS;12179;Di;S.Giuliano M.se - S. Donato M3 (mercato sabato);Barrato;10.73;26;9.28439396168162;45.4050732085495;"(45.4050732085495, 9.28439396168162)"
132;BUS;11825;Di;S. Donato (Di Vittorio) - S. Donato M3 (Marignano);Canonico;8.91;25;9.26446006017117;45.4191303626979;"(45.4191303626979, 9.26446006017117)"
132;BUS;12196;As;S. Donato M3 (Marignano) - S. Donato ( Di Vittorio);Canonico;6.62;19;9.26524824683231;45.4145578295359;"(45.4145578295359, 9.26524824683231)"
14;TRAM;12603;As;Cim. Maggiore - Lorenteggio;Canonico;14.45;43;9.15555009732849;45.4698584606022;"(45.4698584606022, 9.15555009732849)"
14;TRAM;12607;As;Stz. Genova - Lorenteggio;Barrato;5.48;17;9.14485367294818;45.4492296069609;"(45.4492296069609, 9.14485367294818)"
14;TRAM;12625;Di;Lorenteggio - Cim. Maggiore;Canonico;14.33;46;9.15583100143228;45.4707037804114;"(45.4707037804114, 9.15583100143228)"
14;TRAM;12629;Di;Lorenteggio - Stz. Genova;Barrato;5.16;16;9.14597032115871;45.4495288317411;"(45.4495288317411, 9.14597032115871)"
140;BUS;12073;Di;Cefalonia - Rogoredo;Canonico;16.04;32;9.24951658488692;45.4070277789277;"(45.4070277789277, 9.24951658488692)"
140;BUS;12074;As;Rogoredo - Cefalonia;Canonico;15.60;29;9.24843362272219;45.4067941082296;"(45.4067941082296, 9.24843362272219)"
15;TRAM;9901;Di;Dogana M1 M3 - Rozzano Via G. Rossa;Canonico;11.78;32;9.17388760105661;45.4140400329759;"(45.4140400329759, 9.17388760105661)"
15;TRAM;9903;As;Rozzano Via G. Rossa - Dogana M1 M3;Canonico;11.39;32;9.17444997048822;45.4147701720185;"(45.4147701720185, 9.17444997048822)"
15;TRAM;9904;As;Rozzano Via G. Rossa - Giambologna/Tabacchi;Barrato;9.69;27;9.17232373872161;45.4079503206471;"(45.4079503206471, 9.17232373872161)"
151;BUS;10036;Di;Sesto FS - Molino Dorino;Canonico;22.27;36;9.17640950001343;45.489114363009;"(45.489114363009, 9.17640950001343)"
151;BUS;11202;Di;Cairoli M1 - Q.re Olmi;Canonico;11.85;27;9.12657602229072;45.460875557892;"(45.460875557892, 9.12657602229072)"
151;BUS;12453;As;Q.re Olmi - Cairoli M1;Canonico;10.02;23;9.12951709524669;45.461482194475;"(45.461482194475, 9.12951709524669)"
151;BUS;9696;As;Molino Dorino M1 - Sesto FS;Canonico;22.15;35;9.17529459560926;45.4899716150362;"(45.4899716150362, 9.17529459560926)"
152;BUS;12448;As;Cascina Gobba M2 - Abbiategrasso M2 (LAVORI PACINI);Canonico;22.14;26;9.19713720250741;45.4715076061785;"(45.4715076061785, 9.19713720250741)"
153;BUS;12314;As;San Donato M3 - Comasina M3;Canonico;19.60;30;9.20593884506605;45.467293071265;"(45.467293071265, 9.20593884506605)"
153;BUS;12493;Di;Comasina M3 - San Donato M3;Canonico;21.55;29;9.20533942165655;45.4689790200798;"(45.4689790200798, 9.20533942165655)"
16;TRAM;12162;As;M.te Velino - S.Siro;Canonico;10.17;35;9.17694465522051;45.4636385957768;"(45.4636385957768, 9.17694465522051)"
16;TRAM;12163;As;M.te Velino - De Angeli;Barrato;7.62;26;9.19034095069567;45.4602002613628;"(45.4602002613628, 9.19034095069567)"
16;TRAM;7793;As;De Angeli - S.Siro;Barrato;2.60;10;9.13660677444696;45.4739100644578;"(45.4739100644578, 9.13660677444696)"
16;TRAM;7794;Di;S.Siro - M.te Velino;Canonico;10.46;36;9.17678335348456;45.4636837624725;"(45.4636837624725, 9.17678335348456)"
16;TRAM;7796;Di;S.Siro - De Angeli;Barrato;2.75;10;9.13582115324681;45.4740188648556;"(45.4740188648556, 9.13582115324681)"
165;BUS;10013;Di;Limbiate - Comasina M3;Canonico;12.76;18;9.14395801315857;45.5761449254674;"(45.5761449254674, 9.14395801315857)"
165;BUS;9750;As;Comasina M3 - Limbiate;Canonico;12.31;19;9.1420118663997;45.5807788007425;"(45.5807788007425, 9.1420118663997)"
166;BUS;6142;As;Milano (Zara) - Desio;Barrato;18.18;36;9.19466895991952;45.5615573791889;"(45.5615573791889, 9.19466895991952)"
166;BUS;6145;As;Parco nord - Desio;Canonico;13.43;23;9.19586265868891;45.5819250492238;"(45.5819250492238, 9.19586265868891)"
166;BUS;8842;Di;Desio - Milano (Parco Nord);Canonico;14.19;24;9.19602827716271;45.5850747649208;"(45.5850747649208, 9.19602827716271)"
166;BUS;8843;Di;Desio - Milano (Zara M3);Barrato;18.03;38;9.19492286931175;45.5687208400139;"(45.5687208400139, 9.19492286931175)"
171;BUS;7893;As;Interno Cim. Maggiore (Campo 1 Campo 92);Canonico;1.16;7;9.11391989494411;45.5071644742569;"(45.5071644742569, 9.11391989494411)"
171;BUS;7894;Di;Interno Cim.Maggiore (campo 92 campo 1);Canonico;1.11;8;9.11506959940248;45.5065361875336;"(45.5065361875336, 9.11506959940248)"
172;BUS;10590;As;Bicocca - Cim. Bruzzano;Canonico;7.39;16;9.19457241127656;45.516905953752;"(45.516905953752, 9.19457241127656)"
172;BUS;3976;Di;Martiri della Deportazione - Bicocca;Canonico;7.09;18;9.19495900013538;45.5167492486716;"(45.5167492486716, 9.19495900013538)"
174;BUS;12521;As;Turro - Cim. Greco - Loreto;Canonico;9.29;14;9.21760512496516;45.4997524827098;"(45.4997524827098, 9.21760512496516)"
174;BUS;8862;Di;Loreto - Cim. Greco - Turro;Canonico;6.69;12;9.21745074054293;45.5015164728275;"(45.5015164728275, 9.21745074054293)"
175;BUS;11678;Di;Cim. Lambrate - P.te lambro;Canonico;13.52;43;9.24470406262844;45.4646719979354;"(45.4646719979354, 9.24470406262844)"
176;BUS;2982;As;Ingresso - Campo 12;Canonico;0.67;4;9.18299860008512;45.5311018423948;"(45.5311018423948, 9.18299860008512)"
176;BUS;2983;Di;Campo 12 - Ingresso;Canonico;0.68;4;9.18062696239197;45.5310057007074;"(45.5310057007074, 9.18062696239197)"
179;BUS;9929;As;Comasina M3 - Limbiate;Canonico;11.69;24;9.14377751380002;45.5780174188724;"(45.5780174188724, 9.14377751380002)"
179;BUS;9931;As;Varedo - Limbiate;Barrato;4.05;10;9.13081973029957;45.6032458615096;"(45.6032458615096, 9.13081973029957)"
179;BUS;9933;Di;Limbiate - Comasina M3;Canonico;11.34;22;9.14380356843533;45.577233302004;"(45.577233302004, 9.14380356843533)"
179;BUS;9934;Di;Limbiate - Varedo;Barrato;3.70;8;9.12944492329253;45.6039165446377;"(45.6039165446377, 9.12944492329253)"
19;TRAM;9366;Di;Castelli - Lambrate;Canonico;12.45;43;9.19005902682059;45.4749548324082;"(45.4749548324082, 9.19005902682059)"
19;TRAM;9367;Di;Cacciatori delle Alpi - Lambrate;Barrato;13.93;49;9.18503335677182;45.4777885458744;"(45.4777885458744, 9.18503335677182)"
19;TRAM;9398;As;Lambrate - Castelli;Canonico;12.28;43;9.18959959131546;45.4750519192561;"(45.4750519192561, 9.18959959131546)"
2;TRAM;12381;As;Bausan - Negrelli;Canonico;10.48;34;9.17221116093937;45.4694103285373;"(45.4694103285373, 9.17221116093937)"
2;TRAM;4653;Di;Negrelli - Bausan;Canonico;10.40;33;9.17257132432048;45.4697809000154;"(45.4697809000154, 9.17257132432048)"
201;BUS;10050;;Rozzano (Milano) - Rozzano (Cabrini);Barrato;1.79;6;9.15816448201158;45.3837775886648;"(45.3837775886648, 9.15816448201158)"
201;BUS;12132;;Rozzano (Alberelle) - Rozzano (Milano);Canonico;8.05;25;9.16160925214972;45.3911102428134;"(45.3911102428134, 9.16160925214972)"
201;BUS;12133;;Rozzano (Cabrini) - Rozzano (Milano);Barrato;1.68;8;9.1557677325701;45.3839109803511;"(45.3839109803511, 9.1557677325701)"
201;BUS;12174;;Rozzano (Milano) - Rozzano (Alberelle);Canonico;6.45;19;9.16243810373918;45.3905820780721;"(45.3905820780721, 9.16243810373918)"
220;BUS;10544;;Rozzano - Locate Triulzi;Canonico;19.96;35;9.19068121319649;45.3679231341028;"(45.3679231341028, 9.19068121319649)"
220;BUS;10545;;Rozzano - Pieve;Barrato;16.28;39;9.18065747927296;45.363389550096;"(45.363389550096, 9.18065747927296)"
220;BUS;10547;;Locate Triulzi - Rozzano;Canonico;20.77;35;9.19182041826241;45.3672837671905;"(45.3672837671905, 9.19182041826241)"
220;BUS;10548;;Pieve - Rozzano;Barrato;15.50;35;9.1803570523088;45.3645069654882;"(45.3645069654882, 9.1803570523088)"
222;BUS;11656;;Milano (Ripamonti) - Pieve E. (Coppi) (trans. in zerbo)                         ;Canonico;12.83;24;9.20639432839831;45.3739780174966;"(45.3739780174966, 9.20639432839831)"
222;BUS;11657;;Pieve E. (Staz FS) - Milano (Ripamonti)                                            ;Canonico;12.05;23;9.20562289681695;45.3735729022112;"(45.3735729022112, 9.20562289681695)"
222;BUS;7891;;Pieve E. (Roma) - Pieve E. (Staz FS)                                           ;Barrato;3.61;12;9.19836498328067;45.3457466482542;"(45.3457466482542, 9.19836498328067)"
230;BUS;10567;;Basiglio - Abbiategrasso M2;Canonico;14.06;16;9.16834984892373;45.3827546511002;"(45.3827546511002, 9.16834984892373)"
230;BUS;8451;;Abbiategrasso M2 - Basiglio;Canonico;13.15;15;9.16767925328307;45.3792946757588;"(45.3792946757588, 9.16767925328307)"
24;TRAM;11628;As;Vigentino - Fontana;Canonico;5.56;18;9.19742336957432;45.4452080117377;"(45.4452080117377, 9.19742336957432)"
24;TRAM;11683;Di;Fontana - Vigentino;Canonico;5.61;17;9.19746500329767;45.445016724764;"(45.445016724764, 9.19746500329767)"
27;TRAM;11709;As;Fontana - Ungheria;Canonico;6.75;23;9.22916170356259;45.4576736432327;"(45.4576736432327, 9.22916170356259)"
27;TRAM;11713;Di;Ungheria - 22 Marzo;Barrato;5.42;19;9.23608809290729;45.4566013318609;"(45.4566013318609, 9.23608809290729)"
27;TRAM;11716;Di;Ungheria - Fontana;Canonico;6.58;23;9.22965257958967;45.4576889013699;"(45.4576889013699, 9.22965257958967)"
3;TRAM;3275;As;Gratosoglio - Cantu'/Orefici;Canonico;7.27;25;9.17848406216668;45.4352639419714;"(45.4352639419714, 9.17848406216668)"
3;TRAM;3533;Di;Cantu'/Orefici - Gratosoglio;Canonico;7.19;23;9.17864264694143;45.4360214796943;"(45.4360214796943, 9.17864264694143)"
3;TRAM;5065;Di;Torino/Spadari - Gratosoglio;Barrato;6.99;22;9.17832990600595;45.4350578274561;"(45.4350578274561, 9.17832990600595)"
3;TRAM;5190;As;Gratosoglio - Torino/Duomo;Barrato;7.14;24;9.17831093994358;45.4346570437992;"(45.4346570437992, 9.17831093994358)"
31;TRAM;4842;Di;F.Testi/Bignami - Cinisello B.;Barrato;4.32;11;9.2157727633355;45.5445975457207;"(45.5445975457207, 9.2157727633355)"
31;TRAM;6777;As;Cinisello B. - Lagosta;Barrato;8.61;25;9.20813007030867;45.5249868128499;"(45.5249868128499, 9.20813007030867)"
31;TRAM;6778;As;Cinisello B. - Testi/S.Monica;Barrato;5.89;16;9.21339287702178;45.5365823283637;"(45.5365823283637, 9.21339287702178)"
31;TRAM;6782;Di;Bicocca M5- Cinisello B.;Canonico;5.64;15;9.21413380802367;45.5388895996787;"(45.5388895996787, 9.21413380802367)"
31;TRAM;7212;Di;Lagosta - Cinisello B.;Barrato;8.67;24;9.20865225110414;45.5260086186239;"(45.5260086186239, 9.20865225110414)"
31;TRAM;7214;As;Cinisello B. - Bicocca M5;Canonico;6.36;18;9.21272034946195;45.5347833124287;"(45.5347833124287, 9.21272034946195)"
321;BUS;12290;As;Bisceglie M1 - Assago Forum M2;Canonico;12.82;35;9.11645099147478;45.427918895646;"(45.427918895646, 9.11645099147478)"
321;BUS;12292;As;Bisceglie M1 - Buccinasco (Lario);Barrato;8.27;23;9.10920728602682;45.4376992543979;"(45.4376992543979, 9.10920728602682)"
321;BUS;12293;Di;Assago Forum M2 - Bisceglie M1;Canonico;13.05;36;9.11801945740061;45.4266316277221;"(45.4266316277221, 9.11801945740061)"
321;BUS;12296;Di;Buccinasco (Lario) - Bisceglie M1;Barrato;7.10;21;9.10892835504858;45.4391558035907;"(45.4391558035907, 9.10892835504858)"
322;BUS;12271;As;Milano (Bisceglie) - C.Boscone (Gramsci);Canonico;6.36;17;9.10098169163036;45.4440929916711;"(45.4440929916711, 9.10098169163036)"
322;BUS;12273;Di;C.Boscone (Gramsci) - Milano (Bisceglie);Canonico;6.24;18;9.10085239610521;45.4439476497376;"(45.4439476497376, 9.10085239610521)"
323;BUS;12283;Di;Cesano Boscone FS - Milano (Bisceglie M1);Canonico;7.87;19;9.09379789828077;45.4436632367631;"(45.4436632367631, 9.09379789828077)"
323;BUS;12402;As;Milano (Bisceglie M1) - Cesano  Boscone FS;Canonico;7.19;14;9.09303970873422;45.4435368721359;"(45.4435368721359, 9.09303970873422)"
325;BUS;12389;As;Milano (Cantore) - Corsico (Resistenza);Barrato;7.50;22;9.13538671463385;45.4408820349307;"(45.4408820349307, 9.13538671463385)"
325;BUS;12390;As;Milano (Romolo M2) - Corsico (Europa);Canonico;6.65;17;9.13194514796515;45.4399117275395;"(45.4399117275395, 9.13194514796515)"
325;BUS;6244;Di;Corsico (Europa) - Milano (Romolo M2);Canonico;6.88;18;9.13125054075461;45.4394065919298;"(45.4394065919298, 9.13125054075461)"
325;BUS;7455;Di;Corsico (Resistenza) - Milano (Cantore);Barrato;7.36;23;9.13616737533889;45.441178388038;"(45.441178388038, 9.13616737533889)"
327;BUS;12304;As;Milano (Bisceglie M1) - Trezzano S.N. (Morona);Canonico;8.79;18;9.0883167232552;45.4348136375674;"(45.4348136375674, 9.0883167232552)"
327;BUS;12305;As;Milano (Bisceglie M1) - Cusago (A. da Baggio);Barrato;12.19;21;9.07873420581957;45.43597635137;"(45.43597635137, 9.07873420581957)"
327;BUS;12306;As;Milano (Bisceglie M1) - Trezzano S.N. (L.da Vinci);Barrato;9.81;19;9.08385629426607;45.431720102661;"(45.431720102661, 9.08385629426607)"
327;BUS;12309;Di;Trezzano S.N. (Morona) - Milano (Bisceglie M1);Canonico;8.36;16;9.08932942981981;45.4344483546762;"(45.4344483546762, 9.08932942981981)"
327;BUS;12310;Di;Cusago (A. da Baggio) - Milano (Bisceglie M1);Barrato;11.39;20;9.07964516436303;45.4361106301712;"(45.4361106301712, 9.07964516436303)"
327;BUS;12311;Di;Trezzano S.N. (Petrella) - Milano (Bisceglie M1);Barrato;8.99;17;9.08570848999342;45.4325012126264;"(45.4325012126264, 9.08570848999342)"
328;BUS;10536;;Assago - Pieve E. (Stazione FS);Canonico;10.94;27;9.17833152422042;45.3724932587739;"(45.3724932587739, 9.17833152422042)"
328;BUS;10537;;Assago M2 - Rozzano ;Barrato;3.85;11;9.15545861751815;45.3897453182708;"(45.3897453182708, 9.15545861751815)"
328;BUS;10539;;Rozzano - Assago M2;Barrato;3.73;12;9.15321041382;45.3923773443351;"(45.3923773443351, 9.15321041382)"
328;BUS;12130;;Pieve E. (Stazione FS) - Assago;Canonico;11.48;28;9.17684431118236;45.3740907546977;"(45.3740907546977, 9.17684431118236)"
33;TRAM;7693;Di;Lagosta - Rimembranze di Lambrate;Canonico;7.03;25;9.20749535581565;45.4801373958572;"(45.4801373958572, 9.20749535581565)"
33;TRAM;8260;As;Rimembranze di Lambrate - Lagosta;Canonico;7.01;23;9.20722908742728;45.4801715104045;"(45.4801715104045, 9.20722908742728)"
34;BUS;11632;As;Toffetti - Q.re Fatima;Canonico;4.89;16;9.21058452012621;45.4376041645891;"(45.4376041645891, 9.21058452012621)"
34;BUS;11633;Di;Q.re Fatima - Toffetti;Canonico;4.89;14;9.21245480367702;45.4383185913988;"(45.4383185913988, 9.21245480367702)"
35;BUS;12891;Di;Comasina M3 - Molino Dorino M1;Canonico;10.84;20;9.13104181298433;45.5119708123692;"(45.5119708123692, 9.13104181298433)"
35;BUS;12892;Di;Comasina M3 - Molino Dorino M1 (mercato Sabato);Barrato;11.19;21;9.13117862286267;45.512596606607;"(45.512596606607, 9.13117862286267)"
35;BUS;12957;As;Molino Dorino M1 - Comasina M3;Canonico;11.95;25;9.13167431564;45.5122944129205;"(45.5122944129205, 9.13167431564)"
35;BUS;12958;As;Molino Dorino M1 - Comasina M3 (mercato Sabato);Barrato;12.19;28;9.13149472630686;45.5127607991858;"(45.5127607991858, 9.13149472630686)"
351;BUS;12021;As;Romolo - Buccinasco  Emilia;Canonico;11.24;24;9.12541202836058;45.4310912812377;"(45.4310912812377, 9.12541202836058)"
351;BUS;6807;Di;Buccinasco via Emilia - Romolo;Canonico;10.57;24;9.12643824154434;45.4319100657263;"(45.4319100657263, 9.12643824154434)"
352;BUS;10063;Di;Assago Forum M2 - Buccinasco;Canonico;5.65;16;9.1296848843582;45.4106361669427;"(45.4106361669427, 9.1296848843582)"
352;BUS;5748;As;Buccinasco - Assago Forum M2;Canonico;7.35;19;9.12455028049073;45.4113726775422;"(45.4113726775422, 9.12455028049073)"
353;BUS;8838;As;Assago (Via Del Sole) - Assago (Via Bazzana);Canonico;4.94;9;9.13605743246682;45.4084785534691;"(45.4084785534691, 9.13605743246682)"
353;BUS;8839;Di;Assago (Via Bazzana) - Assago (Via Del Sole);Canonico;5.36;13;9.13687896668448;45.4074675077876;"(45.4074675077876, 9.13687896668448)"
38;BUS;9924;Di;Susa - Corelli;Barrato;3.40;11;9.24437559565106;45.4698455282007;"(45.4698455282007, 9.24437559565106)"
38;BUS;9925;Di;Susa - Novegro;Canonico;6.32;16;9.25717167610112;45.470335694994;"(45.470335694994, 9.25717167610112)"
39;BUS;11333;As;Loreto - Pitteri;Canonico;5.09;17;9.2349291507992;45.4798502898449;"(45.4798502898449, 9.2349291507992)"
39;BUS;11334;As;Loreto - Redecesio;Barrato;7.59;24;9.24334468079374;45.4793386997116;"(45.4793386997116, 9.24334468079374)"
4;TRAM;3848;As;Parco Nord - Maciachini;Barrato;3.77;10;9.18952712472548;45.5095897638028;"(45.5095897638028, 9.18952712472548)"
4;TRAM;3851;Di;Maciachini - Parco Nord;Barrato;3.33;10;9.18973616698073;45.509991783951;"(45.509991783951, 9.18973616698073)"
4;TRAM;9158;As;Parco Nord - P.za Castello;Canonico;7.04;20;9.18609203229753;45.4959039260704;"(45.4959039260704, 9.18609203229753)"
4;TRAM;9160;Di;P.za Castello - Parco Nord;Canonico;6.99;20;9.18591259813869;45.4947716803464;"(45.4947716803464, 9.18591259813869)"
40;BUS;11322;Di;Parco Nord - Bonola M1;Canonico;15.16;46;9.14474923126018;45.5123557066157;"(45.5123557066157, 9.14474923126018)"
40;BUS;6692;As;Bonola - Parco Nord;Canonico;14.91;40;9.14404043555966;45.5116852071772;"(45.5116852071772, 9.14404043555966)"
41;BUS;12712;Di;Niguarda - Q.re Bovisasca;Canonico;7.30;19;9.16801602194221;45.518262997722;"(45.518262997722, 9.16801602194221)"
41;BUS;12916;As;Q.re Bovisasca - Niguarda;Canonico;8.29;22;9.1676867350201;45.5207352609967;"(45.5207352609967, 9.1676867350201)"
41;BUS;12917;As;Q.re Bovisasca - Niguarda (mercato Sabato);Barrato;8.10;22;9.16772377839704;45.5207606900551;"(45.5207606900551, 9.16772377839704)"
42;BUS;8173;As;Q.re Bicocca - Stz Centrale M2 M3;Canonico;7.56;26;9.20077619295135;45.5085531157469;"(45.5085531157469, 9.20077619295135)"
42;BUS;8174;Di;Stz Centrale M2 M3 - Q.re Bicocca;Canonico;7.30;26;9.20102415686146;45.5084567048268;"(45.5084567048268, 9.20102415686146)"
423;BUS;8056;;Milano (San Siro M5) - Settimo M. (Della Libertà)                               ;Canonico;9.16;24;9.07693426764205;45.4778636216269;"(45.4778636216269, 9.07693426764205)"
423;BUS;8057;;Milano (San Siro M5) - Settimo M. (Della Libertà)                                 ;Barrato;8.83;25;9.07751855685729;45.4791822692181;"(45.4791822692181, 9.07751855685729)"
423;BUS;8230;;Settimo M.(della Libertà) - Milano (San Siro M5) ;Canonico;9.04;25;9.08275025334255;45.4764883666688;"(45.4764883666688, 9.08275025334255)"
423;BUS;8231;;Settimo M.(della Libertà) - Milano (San Siro M5)                 ;Barrato;8.71;26;9.08350624616794;45.4777958810161;"(45.4777958810161, 9.08350624616794)"
424;BUS;4506;;Molino Dorino M1 - Bareggio (Gallina)                                           ;Canonico;9.41;9;9.04808838442816;45.4934931715838;"(45.4934931715838, 9.04808838442816)"
424;BUS;4508;;Bareggio (Gallina) - Molino Dorino M1                                           ;Canonico;9.93;11;9.04292686235082;45.4917977379226;"(45.4917977379226, 9.04292686235082)"
43;BUS;11524;As;Greco - Firenze;Canonico;7.88;28;9.18733101457807;45.4843233047908;"(45.4843233047908, 9.18733101457807)"
43;BUS;4705;Di;Firenze - Greco;Canonico;7.22;25;9.18666663683815;45.4840343518922;"(45.4840343518922, 9.18666663683815)"
431;BUS;11301;;Rho FS - Bereggio;Canonico;9.84;16;9.020051888691;45.4969329004247;"(45.4969329004247, 9.020051888691)"
431;BUS;11304;;Bareggio - Rho FS;Canonico;9.71;15;9.02105226877394;45.4968708202;"(45.4968708202, 9.02105226877394)"
433;BUS;12276;;Bisceglie M1 - Cornaredo (Artigianato);Canonico;14.04;23;9.07196194437257;45.473990976096;"(45.473990976096, 9.07196194437257)"
433;BUS;12277;;Bisceglie M1 - Bareggio (C.na Brughiera);Barrato;17.43;26;9.05966556216484;45.4797734792878;"(45.4797734792878, 9.05966556216484)"
433;BUS;12278;;Bisceglie M1 - Rho FS;Barrato;17.16;25;9.06515696083298;45.4812060039659;"(45.4812060039659, 9.06515696083298)"
433;BUS;12280;;Cornaredo (Artigianato) - Bisceglie M1;Canonico;14.61;23;9.07005599298654;45.4752427492287;"(45.4752427492287, 9.07005599298654)"
433;BUS;12281;;Bareggio (C.na Brughiera) - Bisceglie M1;Barrato;17.40;26;9.0596506196681;45.479774185307;"(45.479774185307, 9.0596506196681)"
433;BUS;12282;;Rho FS - Bisceglie M1;Barrato;17.23;25;9.06477864750399;45.4814091289998;"(45.4814091289998, 9.06477864750399)"
44;BUS;5569;Di;Turro - C.na Gobba;Canonico;5.33;19;9.23815844971158;45.5053775231121;"(45.5053775231121, 9.23815844971158)"
44;BUS;6496;As;C.na Gobba - Turro;Canonico;5.86;19;9.23817634419055;45.5056271001627;"(45.5056271001627, 9.23817634419055)"
45;BUS;11662;Di;Stz Lambrate M2 - San Donato M3;Canonico;12.34;33;9.24610657830902;45.4537234558797;"(45.4537234558797, 9.24610657830902)"
46;BUS;11343;Di;Q.re Cantalupa - Famagosta M2;Canonico;3.19;8;9.16559909199607;45.4277391642059;"(45.4277391642059, 9.16559909199607)"
46;BUS;11405;As;Famagosta M2 - Cantalupa;Canonico;4.11;4;9.16388592966818;45.4275141828339;"(45.4275141828339, 9.16388592966818)"
47;BUS;10072;Di;Romolo M2 - Bisceglie M1;Canonico;9.34;25;9.13880836900155;45.4421731283834;"(45.4421731283834, 9.13880836900155)"
47;BUS;12254;As;Bisceglie M1 - Romolo M2;Canonico;11.83;32;9.14441579346934;45.4430764006061;"(45.4430764006061, 9.14441579346934)"
48;BUS;8988;Di;M.te Rosa - Palazzolo;Canonico;1.72;5;9.14342594016691;45.4853116098659;"(45.4853116098659, 9.14342594016691)"
48;BUS;8989;As;Palazzolo - Lotto M1 - M5;Canonico;3.91;14;9.15091825816233;45.4866939002949;"(45.4866939002949, 9.15091825816233)"
49;BUS;8090;As;Tirana - Lotto M1 M5;Canonico;9.98;36;9.12205976261608;45.4673964824414;"(45.4673964824414, 9.12205976261608)"
49;BUS;8093;Di;Lotto M1 M5 - Tirana;Canonico;9.62;36;9.12238207491953;45.4672611094612;"(45.4672611094612, 9.12238207491953)"
5;TRAM;6708;Di;Ospedale Maggiore - Ortica;Canonico;8.10;29;9.20794014108963;45.486128564893;"(45.486128564893, 9.20794014108963)"
5;TRAM;6774;As;Ortica - Ospedale Maggiore;Canonico;8.20;30;9.20830905952315;45.486081830102;"(45.486081830102, 9.20830905952315)"
52;BUS;12893;As;Bruzzano F.N. - Bicocca (Universita');Canonico;7.92;25;9.18339347400285;45.5227664570302;"(45.5227664570302, 9.18339347400285)"
52;BUS;12894;Di;Bicocca Universita' - Bruzzano FN;Canonico;10.69;31;9.18273211806455;45.5228832035514;"(45.5228832035514, 9.18273211806455)"
528;BUS;9319;;Molino Dorino M1 - Cim. Maggiore;Barrato;2.77;10;9.10665444119942;45.5042220585706;"(45.5042220585706, 9.10665444119942)"
528;BUS;9320;;Cim. Maggiore - Molino Dorino M1;Barrato;2.99;9;9.10873605681078;45.5041124260019;"(45.5041124260019, 9.10873605681078)"
53;BUS;10077;Di;Stz Lambrate - Sesto Marelli M1;Canonico;9.48;32;9.24213940415751;45.5117603729497;"(45.5117603729497, 9.24213940415751)"
53;BUS;9629;As;Sesto Marelli - Stz Lambrate;Canonico;9.44;31;9.24184736994564;45.5121806611897;"(45.5121806611897, 9.24184736994564)"
542;BUS;7383;;Casa di Reclusione - Rho Fiera;Canonico;2.43;2;9.09089160430468;45.5249178151278;"(45.5249178151278, 9.09089160430468)"
542;BUS;7384;;Rho Fiera - Casa di Reclusione;Canonico;2.65;2;9.0918570018805;45.5247005652812;"(45.5247005652812, 9.0918570018805)"
542;BUS;7435;;Passirana - Rho Fiera M1;Canonico;8.32;13;9.06711026482981;45.5360922810787;"(45.5360922810787, 9.06711026482981)"
542;BUS;7436;;Rho Fiera M1 - Passirana;Canonico;9.26;14;9.06524180235601;45.5364456540328;"(45.5364456540328, 9.06524180235601)"
55;BUS;12442;Di;Loreto - Segrate (Lavanderie);Barrato;8.25;16;9.24697628177307;45.4879805579903;"(45.4879805579903, 9.24697628177307)"
55;BUS;475;Di;Loreto - Cim. Lambrate;Canonico;5.33;17;9.23712675364439;45.4888097421946;"(45.4888097421946, 9.23712675364439)"
55;BUS;478;As;Q.re Feltre - Loreto;Barrato;4.05;13;9.22958976510074;45.4879343254323;"(45.4879343254323, 9.22958976510074)"
55;BUS;479;As;Cim. Lambrate - Loreto;Canonico;5.68;17;9.23517030575878;45.4886099358677;"(45.4886099358677, 9.23517030575878)"
55;BUS;9941;Di;Loreto - Q.re Feltre;Barrato;3.83;14;9.23282115022613;45.4886988628445;"(45.4886988628445, 9.23282115022613)"
56;BUS;3464;As;Crescenzago - Loreto;Barrato;4.79;15;9.2302157411021;45.4961393887965;"(45.4961393887965, 9.2302157411021)"
56;BUS;3465;Di;Loreto - Crescenzago;Barrato;5.48;20;9.23720307626805;45.5006718280468;"(45.5006718280468, 9.23720307626805)"
56;BUS;480;As;Q.re Adriano - Loreto;Canonico;6.85;22;9.23616030632949;45.5020162827943;"(45.5020162827943, 9.23616030632949)"
56;BUS;654;Di;Loreto - Q.re Adriano;Canonico;5.75;21;9.23736095551231;45.5026599626733;"(45.5026599626733, 9.23736095551231)"
560;BUS;11090;;Milano (M1 QT8) - Arese (Alfa Romeo Porta est);Canonico;19.78;34;9.09173523406395;45.5409882513655;"(45.5409882513655, 9.09173523406395)"
560;BUS;9303;;Arese (Alfa Romeo Porta est)- Milano (M1 QT8);Canonico;21.31;34;9.09540242337592;45.5374984275863;"(45.5374984275863, 9.09540242337592)"
566;BUS;12394;;Paderno Dugnano - Milano;Canonico;11.83;32;9.12551752420874;45.5456980829604;"(45.5456980829604, 9.12551752420874)"
566;BUS;12395;;Bollate (Marx) - Milano;Canonico;6.02;17;9.11031478996314;45.5377017494395;"(45.5377017494395, 9.11031478996314)"
566;BUS;12841;;Paderno Dugnano - Milano (trans per via Sauro);Barrato;10.63;27;9.12981608942846;45.5451020662064;"(45.5451020662064, 9.12981608942846)"
566;BUS;12842;;Bollate (Marx) - Milano (trans  Sauro);Barrato;4.81;12;9.11586855483052;45.5340092220088;"(45.5340092220088, 9.11586855483052)"
566;BUS;7653;;Milano - Paderno Dugnano;Canonico;12.05;28;9.12539499531534;45.5448905852265;"(45.5448905852265, 9.12539499531534)"
566;BUS;7654;;Milano - Paderno Dugnano (trans Sauro);Barrato;9.63;23;9.13150866227776;45.5447254491232;"(45.5447254491232, 9.13150866227776)"
566;BUS;7655;;Milano - Bollate (Marx);Canonico;6.25;14;9.11062621360443;45.5370029727881;"(45.5370029727881, 9.11062621360443)"
566;BUS;7657;;Milano - Bollate (Marx trans Sauro);Barrato;3.83;9;9.11658791305073;45.5309840111531;"(45.5309840111531, 9.11658791305073)"
57;BUS;7542;Di;Cairoli - Q.to Oggiaro;Canonico;9.21;32;9.15517419004072;45.494632015578;"(45.494632015578, 9.15517419004072)"
57;BUS;7543;Di;Cairoli- Q.to Oggiaro (cap. dopo le 21);Barrato;9.21;32;9.15509826249256;45.4945165170738;"(45.4945165170738, 9.15509826249256)"
57;BUS;7547;As;Q.to Oggiaro - Cairoli;Canonico;9.31;30;9.15645741088245;45.4935044083391;"(45.4935044083391, 9.15645741088245)"
57;BUS;7548;As;Q.to Oggiaro - Cairoli (cap. dopo le 21);Barrato;9.31;31;9.15638811697666;45.493393054096;"(45.493393054096, 9.15638811697666)"
58;BUS;11299;Di;Minghetti  - Noale;Canonico;11.71;39;9.12978460150927;45.4586325390297;"(45.4586325390297, 9.12978460150927)"
58;BUS;9878;As;Noale - Minghetti;Canonico;11.15;37;9.13042173021587;45.4578862648892;"(45.4578862648892, 9.13042173021587)"
60;BUS;10084;As;Zara M3 M5 - L.go Augusto;Canonico;6.22;23;9.20533956569298;45.4747524542134;"(45.4747524542134, 9.20533956569298)"
60;BUS;9670;Di;L.go Augusto - Zara M3 M5;Canonico;6.59;24;9.20450833278164;45.476592279328;"(45.476592279328, 9.20450833278164)"
61;BUS;12142;As;Murani - P.za Napoli;Canonico;10.44;34;9.18977425032011;45.4691523761859;"(45.4691523761859, 9.18977425032011)"
61;BUS;12728;Di;Napoli - L.go Murani;Canonico;11.07;41;9.19200209853032;45.4687447028871;"(45.4687447028871, 9.19200209853032)"
62;BUS;5099;As;Sire Raul - Lodi;Canonico;7.28;25;9.21733323559943;45.4711358361038;"(45.4711358361038, 9.21733323559943)"
62;BUS;7123;Di;Lodi - Sire Raul;Canonico;7.19;23;9.21721760627387;45.4703596771257;"(45.4703596771257, 9.21721760627387)"
63;BUS;10769;Di;De Angeli M1 - Muggiano;Canonico;10.02;31;9.106119569614;45.4581976572274;"(45.4581976572274, 9.106119569614)"
63;BUS;10770;Di;63/ Bisceglie M1 - Muggiano;Barrato;6.12;19;9.09004728865136;45.4550732153577;"(45.4550732153577, 9.09004728865136)"
63;BUS;11197;As;63/ Muggiano - Bisceglie M1;Barrato;5.76;18;9.08902058329465;45.4551536136806;"(45.4551536136806, 9.08902058329465)"
63;BUS;11198;As;Muggiano - De Angeli M1;Canonico;10.07;32;9.10685129681134;45.458385050719;"(45.458385050719, 9.10685129681134)"
63;BUS;11213;As;63/ Degli Ulivi - Bisceglie M1;Barrato;7.57;24;9.11756547502964;45.4603337768414;"(45.4603337768414, 9.11756547502964)"
64;BUS;10089;As;Molinetto - Bonola M1;Canonico;9.56;28;9.11800809624348;45.4703962567612;"(45.4703962567612, 9.11800809624348)"
64;BUS;10300;Di;Bonola M1 - Corsico;Canonico;17.67;47;9.11236233152462;45.4585996216699;"(45.4585996216699, 9.11236233152462)"
64;BUS;10303;Di;Bonola M1 - Molinetto;Barrato;11.40;31;9.1171756650647;45.4702982545203;"(45.4702982545203, 9.1171756650647)"
65;BUS;8402;Di;P.ta Romana - Abbiategrasso M2;Canonico;6.42;21;9.20017776108385;45.4417183983128;"(45.4417183983128, 9.20017776108385)"
65;BUS;9746;As;Abbiategrasso M2 - P.ta Romana M3 (trans. Via Sforza);Canonico;10.96;37;9.19998996381979;45.4477204319987;"(45.4477204319987, 9.19998996381979)"
65;BUS;9747;As;Abbiategrasso M2 - P.ta Romana M3;Barrato;7.03;23;9.20024572442444;45.4421603673009;"(45.4421603673009, 9.20024572442444)"
66;BUS;4039;As;Cadore - Linate;Barrato;7.66;25;9.24301862212152;45.450794079368;"(45.450794079368, 9.24301862212152)"
66;BUS;6764;As;Cadore - Peschiera B.;Canonico;12.61;33;9.26195327167066;45.4423647795915;"(45.4423647795915, 9.26195327167066)"
66;BUS;8656;Di;Peschiera B. - Cadore;Canonico;12.74;33;9.26184790061562;45.4425640267234;"(45.4425640267234, 9.26184790061562)"
66;BUS;8658;Di;Linate - Cadore;Barrato;7.70;24;9.24287654986214;45.451058053575;"(45.451058053575, 9.24287654986214)"
67;BUS;4540;As;Scanini - Baracca;Canonico;9.11;34;9.12288201466853;45.4631832696007;"(45.4631832696007, 9.12288201466853)"
67;BUS;583;Di;Baracca - Scanini;Canonico;8.62;30;9.12221867464093;45.4632542044986;"(45.4632542044986, 9.12221867464093)"
68;BUS;3001;Di;Bergognone - Bonola M1;Canonico;10.26;32;9.14206057697888;45.4795951631556;"(45.4795951631556, 9.14206057697888)"
68;BUS;7565;As;Bonola M1 - Bergognone;Canonico;10.02;34;9.14103206019889;45.4802338853617;"(45.4802338853617, 9.14103206019889)"
69;BUS;3732;As;M.Dorino (ramo S.Leonardo) - Firenze;Barrato;6.94;21;9.12424068842931;45.4968343588968;"(45.4968343588968, 9.12424068842931)"
69;BUS;3734;As;M.Dorino (ramo Gallaratese) - Firenze;Canonico;8.19;23;9.12113166796848;45.4951606711325;"(45.4951606711325, 9.12113166796848)"
69;BUS;4404;Di;Firenze - Molino Dorino (Ramo S.Leonardo);Barrato;6.74;22;9.12557746689493;45.4966651339777;"(45.4966651339777, 9.12557746689493)"
69;BUS;4405;Di;Firenze - Molino Dorino (Ramo Gallaratese);Canonico;8.14;24;9.12190023628336;45.4950652592697;"(45.4950652592697, 9.12190023628336)"
7;TRAM;6791;As;Precotto - Lagosta;Canonico;6.48;20;9.21038293226851;45.5092170057794;"(45.5092170057794, 9.21038293226851)"
7;TRAM;7210;Di;Lagosta - Precotto;Canonico;6.77;18;9.21245212508817;45.5098357138809;"(45.5098357138809, 9.21245212508817)"
7;TRAM;8222;As;Precotto - Testi/S. Marcellina;Barrato;3.84;12;9.21845394094341;45.5147436102558;"(45.5147436102558, 9.21845394094341)"
7;TRAM;8223;Di;Testi/ S. Marcellina - Precotto;Barrato;4.13;10;9.22065803392769;45.5149267452946;"(45.5149267452946, 9.22065803392769)"
70;BUS;10095;As;Cim. Bruzzano - Ceresio;Canonico;6.75;25;9.1780512369463;45.5098342656888;"(45.5098342656888, 9.1780512369463)"
70;BUS;10096;As;Q.re Bruzzano - Ceresio;Barrato;5.68;22;9.17835488570289;45.5058970045365;"(45.5058970045365, 9.17835488570289)"
70;BUS;9216;Di;Ceresio - Q.re Bruzzano;Barrato;6.57;22;9.17803634223162;45.5100298665915;"(45.5100298665915, 9.17803634223162)"
70;BUS;9217;Di;Ceresio - Cim . Bruzzano;Canonico;6.42;19;9.1787260478375;45.509368219817;"(45.509368219817, 9.1787260478375)"
700;BUS;10401;Di;Sesto Cimitero - Sesto 1 Maggio;Canonico;9.44;28;9.23864194106873;45.5344719086953;"(45.5344719086953, 9.23864194106873)"
700;BUS;8599;As;Sesto 1 Maggio - Sesto Cimitero;Canonico;10.32;31;9.23875576370861;45.5341943763509;"(45.5341943763509, 9.23875576370861)"
701;BUS;10097;As;Cologno M.se (toti) - Cologno Nord M2;Barrato;4.37;13;9.27849331129302;45.537888934625;"(45.537888934625, 9.27849331129302)"
701;BUS;7181;Di;Cologno Nord M2 - Cologno S. Maurizio (toti);Barrato;4.37;14;9.27951350011912;45.5378146760324;"(45.5378146760324, 9.27951350011912)"
701;BUS;7275;As;Sesto S. G. (4 Novembre) - Cologno Sud M2;Canonico;9.32;28;9.26083309986243;45.5396029135214;"(45.5396029135214, 9.26083309986243)"
701;BUS;7277;Di;Cologno Sud M2 - Sesto S. G. (4 Novembre);Canonico;10.01;28;9.26175152236025;45.5385521025817;"(45.5385521025817, 9.26175152236025)"
702;BUS;9982;As;Cologno Nord M2 - Cinisello Sant' Eusebio;Canonico;16.66;42;9.24057265079667;45.5433276787851;"(45.5433276787851, 9.24057265079667)"
702;BUS;9984;Di;Cinisello Sant'Eusebio - Cologno Nord M2;Canonico;13.97;36;9.24072462917077;45.5418714547693;"(45.5418714547693, 9.24072462917077)"
705;BUS;5650;As;Cormano - Comasina M3;Canonico;6.43;12;9.16397688755622;45.5431394594078;"(45.5431394594078, 9.16397688755622)"
705;BUS;5702;As;Cormano - Comasina M3 (trans. in Litta Modignani);Barrato;7.63;16;9.16405219884013;45.5403347294319;"(45.5403347294319, 9.16405219884013)"
705;BUS;5785;As;Cormano - Comasina M3;Barrato;5.94;11;9.1639930637858;45.5442697636128;"(45.5442697636128, 9.1639930637858)"
705;BUS;5799;Di;Comasina M3 - Cormano;Canonico;4.93;12;9.1643362756615;45.5436753611169;"(45.5436753611169, 9.1643362756615)"
707;BUS;11608;As;Cologno Nord M2 - Cologno ( Via Giordano);Canonico;9.24;24;9.28415369337803;45.5315353620608;"(45.5315353620608, 9.28415369337803)"
707;BUS;6844;Di;Cologno ( Via Giordano) - Cologno Nord M2;Canonico;9.65;24;9.28533597949185;45.5320352498936;"(45.5320352498936, 9.28533597949185)"
708;BUS;10386;Di;Sesto Rond M1 - Niguarda ( Parco Nord );Canonico;7.87;19;9.20135266192524;45.5345108897123;"(45.5345108897123, 9.20135266192524)"
708;BUS;10389;Di;Sesto Rond M1 - Bresso (Don Minzoni);Barrato;4.69;11;9.20876531012505;45.5352923567894;"(45.5352923567894, 9.20876531012505)"
708;BUS;9779;As;Niguarda (Parco Nord) - Sesto Rond M1;Canonico;8.92;25;9.20194936523321;45.534162817096;"(45.534162817096, 9.20194936523321)"
708;BUS;9825;As;Bresso (Don Minzoni) - Sesto Rondo M1;Barrato;5.94;16;9.20818021342476;45.5345975949942;"(45.5345975949942, 9.20818021342476)"
709;BUS;6567;As;Cologno Sud M2 - Cologno ( Don Minzoni );Canonico;5.34;12;9.26848158375904;45.5285428937711;"(45.5285428937711, 9.26848158375904)"
709;BUS;7285;Di;Cologno ( Don Minzoni ) - Cologno Sud M2;Canonico;5.32;12;9.26745152724272;45.5314539459385;"(45.5314539459385, 9.26745152724272)"
71;BUS;11348;As;Romolo M2 - Famagosta M2;Canonico;7.21;20;9.15985946956374;45.4332528034965;"(45.4332528034965, 9.15985946956374)"
71;BUS;11357;Di;Famagosta M2 - Romolo M2;Canonico;7.06;22;9.159878997229;45.4332187477788;"(45.4332187477788, 9.159878997229)"
713;BUS;7616;As;Sesto Rimembranze - Milano Bignami M5;Canonico;7.80;27;9.23535529377217;45.5289655367951;"(45.5289655367951, 9.23535529377217)"
713;BUS;7621;Di;Milano Bignami M5 - Sesto Rimembranze;Canonico;7.64;22;9.23505027257075;45.528613166283;"(45.528613166283, 9.23505027257075)"
727;BUS;12198;Di;Stz Cormano FN - Sesto S.G. (1 Maggio);Canonico;9.19;23;9.20996292297927;45.5503049098491;"(45.5503049098491, 9.20996292297927)"
727;BUS;9175;As;Sesto S.G.(1 Maggio) - Stz Cormano FN;Canonico;9.39;23;9.20846243256709;45.5510237715827;"(45.5510237715827, 9.20846243256709)"
727;BUS;9177;As;Sesto S.G.(1 Maggio) - Stz Cormano Fn ( solo domenica isola pedonale);Barrato;9.35;21;9.20896959703742;45.5507929450491;"(45.5507929450491, 9.20896959703742)"
728;BUS;6252;As;Milano (Stz Centrale) - Cusano M. (Unione);Barrato;16.83;33;9.20963559169048;45.5378675126228;"(45.5378675126228, 9.20963559169048)"
728;BUS;7607;Di;Cusano M. (Unione) - Bignami M5;Canonico;10.78;25;9.21156341220902;45.5523145085146;"(45.5523145085146, 9.21156341220902)"
728;BUS;7608;As;Bignami M5 - Cusano M. (Unione);Canonico;11.52;26;9.21186314159256;45.5526093030441;"(45.5526093030441, 9.21186314159256)"
729;BUS;10109;As;Sesto S.G. - Comasina M3;Canonico;10.34;23;9.19351025556567;45.5459150864133;"(45.5459150864133, 9.19351025556567)"
729;BUS;322;Di;Comasina M3 - Sesto S.G.;Canonico;9.35;26;9.19604994206098;45.5467177112307;"(45.5467177112307, 9.19604994206098)"
729;BUS;5843;As;Sesto S.G. - Cusano M.;Barrato;5.78;16;9.21328383032625;45.5498221379091;"(45.5498221379091, 9.21328383032625)"
729;BUS;5844;Di;Cusano M. - Sesto S.G.;Barrato;5.31;16;9.21612901600662;45.5495051442598;"(45.5495051442598, 9.21612901600662)"
73;BUS;10116;Di;Duomo M1 M3 - Peschiera B. (trans. IBM);Barrato;15.54;34;9.26532947969592;45.4658691792388;"(45.4658691792388, 9.26532947969592)"
73;BUS;10117;Di;Duomo M1 M3 - Peschiera B.;Barrato;15.34;33;9.26479527180974;45.4658169222129;"(45.4658169222129, 9.26479527180974)"
74;BUS;11353;As;Famagosta M2 - Cantore;Canonico;7.25;28;9.15831122842563;45.4392773954677;"(45.4392773954677, 9.15831122842563)"
74;BUS;11424;Di;Cantore - Famagosta M2;Canonico;7.77;26;9.15901293049664;45.4387416568453;"(45.4387416568453, 9.15901293049664)"
75;BUS;5492;As;C.na Gobba M2 - Pitteri;Canonico;7.55;21;9.2436300972407;45.4924037613063;"(45.4924037613063, 9.2436300972407)"
76;BUS;12245;As;Madonna della Provvidenza - Bisceglie M1;Canonico;9.23;22;9.09217523589568;45.4623401689943;"(45.4623401689943, 9.09217523589568)"
76;BUS;12248;Di;Bisceglie M1 - Madonna della Provvidenza;Canonico;8.44;19;9.09323478246756;45.4615089064497;"(45.4615089064497, 9.09323478246756)"
77;BUS;9439;As;Poasco - P.le Lodi;Canonico;7.44;20;9.22664947076547;45.4251639073473;"(45.4251639073473, 9.22664947076547)"
77;BUS;9443;Di;P.le Lodi - Poasco;Canonico;7.43;20;9.22599261513546;45.425782906344;"(45.425782906344, 9.22599261513546)"
78;BUS;10491;As;Govone - Bisceglie M1;Canonico;14.89;42;9.12410989169759;45.4714094398565;"(45.4714094398565, 9.12410989169759)"
78;BUS;10492;Di;Bisceglie M1 - Govone;Canonico;12.82;43;9.13072933726201;45.4782799926333;"(45.4782799926333, 9.13072933726201)"
783;BUS;8332;As;Milano Bicocca M5 - Bresso (Don Minzoni);Canonico;4.25;9;9.19987087610293;45.5308748351212;"(45.5308748351212, 9.19987087610293)"
783;BUS;9778;Di;Bresso Don Minzoni - Milano Bicocca M5;Canonico;4.66;10;9.19817566588744;45.5316332297778;"(45.5316332297778, 9.19817566588744)"
79;BUS;4243;Di;Abbiategrasso - Gratosoglio (trans. Basmetto);Barrato;5.67;16;9.16877582828637;45.4169429640911;"(45.4169429640911, 9.16877582828637)"
79;BUS;9923;As;Gratosoglio - Abbiategrasso;Barrato;5.87;18;9.16922123211234;45.417829629083;"(45.417829629083, 9.16922123211234)"
80;BUS;10304;As;Q.to Romano - De Angeli M1;Barrato;6.69;22;9.11620272805224;45.4731727860203;"(45.4731727860203, 9.11620272805224)"
80;BUS;10306;As;Molino Dorino M1 - De Angeli M1;Canonico;12.32;27;9.10122756614006;45.4828284008363;"(45.4828284008363, 9.10122756614006)"
80;BUS;8119;Di;De Angeli M1 - Q.to Romano;Barrato;6.13;20;9.11729457245647;45.4732179465647;"(45.4732179465647, 9.11729457245647)"
80;BUS;9309;Di;De Angeli M1 - Molino Dorino M1;Canonico;11.99;28;9.10071094475556;45.4828100804614;"(45.4828100804614, 9.10071094475556)"
81;BUS;10006;Di;Stz. Lambrate - Sesto Marelli;Canonico;9.50;33;9.21544726547211;45.4961754294897;"(45.4961754294897, 9.21544726547211)"
81;BUS;10007;Di;Lambrate - Centrale (corse notturne);Barrato;4.00;16;9.2177647092752;45.4838896430325;"(45.4838896430325, 9.2177647092752)"
81;BUS;6201;As;Sesto Marelli - Stz. Lambrate;Canonico;9.56;33;9.21543118119272;45.4960320910446;"(45.4960320910446, 9.21543118119272)"
81;BUS;6203;As;Centrale - Lambrate (corse notturne);Barrato;4.00;17;9.21860208408175;45.483775224096;"(45.483775224096, 9.21860208408175)"
82;BUS;12963;Di;Zara M3 M5 - Q.re Bovisasca;Canonico;9.14;28;9.16728163511225;45.5066329659199;"(45.5066329659199, 9.16728163511225)"
82;BUS;9212;As;Q.re Bovisasca - Zara M3 M5;Canonico;7.10;23;9.17073035901391;45.5044256827959;"(45.5044256827959, 9.17073035901391)"
83;BUS;5795;As;Niguarda ( Parco Nord ) - Comasina M3 ( transita Don Minzoni);Barrato;8.51;23;9.18230591377483;45.5370226867047;"(45.5370226867047, 9.18230591377483)"
83;BUS;5804;As;Niguarda ( Parco Nord ) - Comasina M3 ( transita Don Minzoni);Barrato;8.05;22;9.18328858427212;45.5375051055451;"(45.5375051055451, 9.18328858427212)"
83;BUS;5812;Di;Comasina M3 - Niguarda ( Parco Nord );Barrato;5.63;13;9.18008267023076;45.536304548115;"(45.536304548115, 9.18008267023076)"
83;BUS;6736;As;C Granda - Comasina M3;Canonico;9.04;23;9.18179609419403;45.5293873664568;"(45.5293873664568, 9.18179609419403)"
83;BUS;6737;As;C Granda - Comasina M3 ( transita Bresso Minzoni);Canonico;11.10;29;9.18417487138622;45.5317743156071;"(45.5317743156071, 9.18417487138622)"
83;BUS;6740;Di;Comasina M3 - C Granda;Canonico;8.26;22;9.18353981835003;45.5292261671978;"(45.5292261671978, 9.18353981835003)"
84;BUS;10123;As;S. Donato M3 - Augusto;Canonico;9.91;30;9.22997926872356;45.4421382239086;"(45.4421382239086, 9.22997926872356)"
84;BUS;10124;As;Martini - Augusto;Barrato;4.48;15;9.21375544115951;45.4547146823284;"(45.4547146823284, 9.21375544115951)"
84;BUS;9692;Di;Augusto - S. Donato M3;Canonico;11.43;34;9.23291525283266;45.4401257640993;"(45.4401257640993, 9.23291525283266)"
84;BUS;9693;Di;Augusto - Martini;Barrato;4.74;17;9.21561657759482;45.452194964189;"(45.452194964189, 9.21561657759482)"
86;BUS;7225;As;Cna Gobba M2 - Ca' Granda M5;Canonico;8.76;29;9.22888560328698;45.5116891811505;"(45.5116891811505, 9.22888560328698)"
86;BUS;7227;Di;Ca' Granda M5 - Cna Gobba M2;Canonico;8.52;29;9.22902278900176;45.5115687284423;"(45.5115687284423, 9.22902278900176)"
87;BUS;8758;As;Villa San Giovanni M1 - Stz Centrale;Canonico;7.69;24;9.21553937751278;45.5092628615121;"(45.5092628615121, 9.21553937751278)"
87;BUS;8806;Di;Stz Centrale - Villa san Giovanni M1;Canonico;7.57;21;9.21558368196573;45.5086287602145;"(45.5086287602145, 9.21558368196573)"
88;BUS;5084;As;Rogoredo FS M3 - Ungheria;Canonico;2.18;7;9.24301479004939;45.4387747104818;"(45.4387747104818, 9.24301479004939)"
88;BUS;5085;Di;Ungheria - Rogoredo FS M3;Canonico;2.40;8;9.24418844274878;45.4405531649065;"(45.4405531649065, 9.24418844274878)"
88;BUS;8655;Di;Aviazione - Rogoredo FS M3;Barrato;4.87;14;9.24983543126868;45.4469099681401;"(45.4469099681401, 9.24983543126868)"
89;BUS;6796;As;Novate Milanese - Ciccotti;Canonico;4.74;11;9.1486520809344;45.5302660619265;"(45.5302660619265, 9.1486520809344)"
89;BUS;6798;As;Novate Milanese - Ciccotti ( Trans. Cimitero );Barrato;6.43;15;9.14769672211648;45.5290010289039;"(45.5290010289039, 9.14769672211648)"
89;BUS;6802;Di;Ciccotti - Novate Milanese;Canonico;6.22;15;9.14975556144191;45.5305820644004;"(45.5305820644004, 9.14975556144191)"
89;BUS;6803;Di;Ciccotti - Novate Milanese  (Trans.Cimitero);Barrato;8.06;19;9.14872065264857;45.5294685857082;"(45.5294685857082, 9.14872065264857)"
90;FILOBUS;3575;Di;Lotto - Isonzo;Canonico;12.91;40;9.1944436560306;45.4802311984129;"(45.4802311984129, 9.1944436560306)"
90;FILOBUS;4086;As;Isonzo - Lotto (Circolare Destra);Canonico;8.07;24;9.16852150315915;45.4529201971564;"(45.4529201971564, 9.16852150315915)"
901;BUS;5131;Di;Peschiara B. (Don sturzo) - Milano (S. Donato m3);Canonico;8.62;24;9.27282832182098;45.4251129733266;"(45.4251129733266, 9.27282832182098)"
901;BUS;8736;As;Milano (S. Donato M3) - Peschiera B.(Don Sturzo);Canonico;12.43;20;9.29093434462856;45.4328249153975;"(45.4328249153975, 9.29093434462856)"
902;BUS;6291;As;Milano (s.donato m3) - Peschiera b.(via dante);Canonico;9.60;22;9.28659737784244;45.4274031081969;"(45.4274031081969, 9.28659737784244)"
902;BUS;6293;As;S.Donato - S.Felice scolastica;Barrato;18.24;26;9.29563734812937;45.4378718966223;"(45.4378718966223, 9.29563734812937)"
902;BUS;6294;As;"Milano (s.donato m3) - Peschiera b. (via dante,trans. mediglia)";Canonico;12.83;28;9.29172888933387;45.4263788088479;"(45.4263788088479, 9.29172888933387)"
902;BUS;8742;Di;Peschiera B. (via Dante) - Milano (S. Donato M3);Canonico;9.48;15;9.2858192317416;45.4329752760622;"(45.4329752760622, 9.2858192317416)"
91;FILOBUS;3578;As;Isonzo - Lotto;Canonico;13.16;40;9.19463366984679;45.4800690906073;"(45.4800690906073, 9.19463366984679)"
91;FILOBUS;4084;Di;Lotto - Isonzo (Circolare sinistra);Canonico;8.12;25;9.16868342482539;45.4529147315402;"(45.4529147315402, 9.16868342482539)"
92;FILOBUS;12759;As;Bovisa FN - Isonzo;Canonico;11.22;34;9.1976674568308;45.4784949948254;"(45.4784949948254, 9.1976674568308)"
92;FILOBUS;12761;Di;Isonzo - Bovisa FN;Canonico;10.29;33;9.19625811948619;45.4829402326678;"(45.4829402326678, 9.19625811948619)"
925;BUS;10146;As;Milano (Cascina Gobba M2) - Segrate (F.lli Cervi);Barrato;3.11;10;9.26587976392874;45.5051443095962;"(45.5051443095962, 9.26587976392874)"
925;BUS;10147;As;Milano (Cascina Gobba M2) - Milano (via Olgettina);Barrato;1.49;5;9.26475250730533;45.5109637571388;"(45.5109637571388, 9.26475250730533)"
925;BUS;10148;As;Milano (Cascina Gobba M2) - Milano (Udine);Canonico;6.72;17;9.25656347853806;45.4986532422337;"(45.4986532422337, 9.25656347853806)"
925;BUS;10149;As;Milano (Cascina Gobba M2) - Segrate (Abruzzi);Barrato;6.23;16;9.26642601035036;45.4961979479771;"(45.4961979479771, 9.26642601035036)"
925;BUS;4701;Di;Segrate (F.lli Cervi) - Milano (Cascina Gobba M2);Barrato;3.26;9;9.26566397520823;45.5057800500029;"(45.5057800500029, 9.26566397520823)"
925;BUS;4702;Di;Milano (Olgettina) - Milano (Cascina Gobba M2);Barrato;1.52;4;9.26473791667147;45.5115344054612;"(45.5115344054612, 9.26473791667147)"
925;BUS;4703;Di;Milano (Udine) - Milano (Cascina Gobba M2);Canonico;6.14;14;9.25849361638804;45.4994757758173;"(45.4994757758173, 9.25849361638804)"
925;BUS;7691;Di;Segrate (Abruzzi) - Milano (Cascina Gobba M2);Barrato;6.42;16;9.26656242757032;45.4965831821283;"(45.4965831821283, 9.26656242757032)"
926;BUS;10150;As;Peschiera B. (San Felicino) - Segrate FS;Canonico;5.05;7;9.30546820248326;45.47023284643;"(45.47023284643, 9.30546820248326)"
926;BUS;10151;Di;Segrate FS - Peschiera B. (San Felicino);Canonico;4.81;7;9.30574725866757;45.4694727055355;"(45.4694727055355, 9.30574725866757)"
927;BUS;12819;As;S. Felice (Giovanni XXII) - Vimodrone;Canonico;2.99;6;9.28658491092608;45.508112225239;"(45.508112225239, 9.28658491092608)"
927;BUS;12820;Di;Vimodrone - Segrate (Giovanni XXIII);Canonico;5.42;11;9.28662684740518;45.5061063262413;"(45.5061063262413, 9.28662684740518)"
93;FILOBUS;5482;As;Bottini - Omero;Canonico;7.02;24;9.22733610257039;45.4606644100009;"(45.4606644100009, 9.22733610257039)"
93;FILOBUS;5484;Di;Omero - Bottini;Canonico;6.87;22;9.22736807614032;45.4603980609043;"(45.4603980609043, 9.22736807614032)"
94;BUS;10152;As;P.ta Volta - Minghetti;Canonico;7.15;27;9.18618155433446;45.465488181979;"(45.465488181979, 9.18618155433446)"
94;BUS;11522;Di;Minghetti - P.ta Volta;Canonico;7.01;24;9.18770600699371;45.4673719639246;"(45.4673719639246, 9.18770600699371)"
95;BUS;12490;As;Rogoredo - Barona;Canonico;9.02;30;9.18697342474295;45.437754818346;"(45.437754818346, 9.18697342474295)"
95;BUS;12491;Di;Barona - Rogoredo;Canonico;9.20;30;9.19091339157383;45.4375149721899;"(45.4375149721899, 9.19091339157383)"
98;BUS;7814;Di;Lotto M1 M5 - Famagosta M2;Canonico;8.26;23;9.14760127811239;45.451687543387;"(45.451687543387, 9.14760127811239)"
98;BUS;9899;As;Famagosta M2 - Lotto M1 M5;Canonico;7.86;23;9.14627481764211;45.4532172137094;"(45.4532172137094, 9.14627481764211)"
99;BUS;11652;As;Noverasco - Vigentino;Canonico;3.90;7;9.20781459471915;45.4061784992761;"(45.4061784992761, 9.20781459471915)"
99;BUS;11653;Di;Vigentino - Noverasco;Canonico;4.82;8;9.20809744057435;45.4043410360122;"(45.4043410360122, 9.20809744057435)"
